{
  "name": "telecom-bootstrap-dashboard",
  "version": "1.0.0",
  "description": "Angular telecom dashboard with Bootstrap and persistent chatbot",
  "scripts": {
    "ng": "ng",
    "start": "ng serve --host 0.0.0.0 --port 5000",
    "build": "ng build",
    "watch": "ng build --watch --configuration development",
    "test": "ng test",
    "serve": "ng serve"
  },
  "dependencies": {
    "@angular/animations": "^16.0.0",
    "@angular/common": "^16.0.0",
    "@angular/compiler": "^16.0.0",
    "@angular/core": "^16.0.0",
    "@angular/forms": "^16.0.0",
    "@angular/platform-browser": "^16.0.0",
    "@angular/platform-browser-dynamic": "^16.0.0",
    "@angular/router": "^16.0.0",
    "bootstrap": "^5.3.2",
    "chart.js": "^4.4.0",
    "rxjs": "~7.8.0",
    "tslib": "^2.3.0",
    "zone.js": "~0.13.0"
  },
  "devDependencies": {
    "@angular-devkit/build-angular": "^16.0.0",
    "@angular/cli": "~16.0.0",
    "@angular/compiler-cli": "^16.0.0",
    "@types/jasmine": "~4.3.0",
    "@types/node": "^18.7.0",
    "jasmine-core": "~4.6.0",
    "karma": "~6.4.0",
    "karma-chrome-headless": "~3.1.0",
    "karma-coverage": "~2.2.0",
    "karma-jasmine": "~5.1.0",
    "karma-jasmine-html-reporter": "~2.1.0",
    "typescript": "~5.1.0"
  },
  "keywords": [
    "angular",
    "bootstrap",
    "telecom",
    "dashboard",
    "chatbot",
    "typescript"
  ],
  "author": "Telecom Dashboard Team",
  "license": "MIT"
}